"";"id";"attributes.externalId";"attributes.commercialFollowUp";"attributes.centroidLongitude";"attributes.centroidLatitude"
"1";23277;3619;"To finance";-4,30453611111111;41,8400194
"2";23279;3618;"To finance";-4,31275277777778;41,8441083
"3";23331;3616;"Follow up";6,1335;48,3565
"4";23283;3603;"To finance";5,785407;49,808838
"5";23289;3598;"Follow up";0,674;46,187
"6";23259;3596;"Follow up";0,3255;46,6247
"7";23243;3563;"To finance";4,395217;45,857694
"8";23241;3559;"To finance";-87,495536;51,081896
"9";23247;3557;"To finance";5,513328;44,029806
"10";23285;3554;"Follow up";2,796488;43,769549
"11";23263;3550;"Follow up";-120,744421;40,341959
"12";23297;3544;"To finance";3,902266;49,032037
"13";23257;3540;"Follow up";2,479851;50,89156
"14";23261;3539;"Follow up";3,232096;49,980726
"15";23239;3538;"Follow up";-119,916194;37,817778
"16";23301;3528;"Follow up";0,716483;47,376685
"17";23237;3511;"To finance";0,928517;46,838767
"18";23265;3500;"To finance";-0,63422;47,744352
"19";23325;3495;"To finance";-1,025854;46,629427
"20";23235;3494;"To finance";0,893286;45,067427
"21";23303;3492;"Follow up";1,813001;45,613874
"22";23305;3490;"Follow up";7,46155;48,224134
"23";23295;3488;"Follow up";4,47816448;46,54580128
"24";23245;3487;"Follow up";-1,917646;46,813873
"25";23233;3485;"Follow up";2,5131;45,57223
"26";23231;3484;"Follow up";0,216365;45,368104
"27";23229;3482;"Follow up";5,462161;44,114449
"28";23227;3481;"Follow up";0,053894;47,910041
"29";23225;3478;"Follow up";1,947778;44,221916
"30";23299;3477;"Follow up";-0,10838;43,43441
"31";23223;3476;"Follow up";-1,286385;47,007148
"32";23273;3474;"Follow up";0,44216035414414;45,7293216885155
"33";23221;3473;"Follow up";-0,418896;47,19694
"34";23219;3472;"Follow up";-0,781352;47,561603
"35";23217;3467;"Follow up";0,528403;47,775602
"36";23215;3466;"Follow up";-0,447844;47,726736
"37";23213;3464;"Follow up";-1,091104;46,615475
"38";23211;3460;"Follow up";6,3991;46,9415
"39";23209;3459;"Follow up";3,763562;45,517944
"40";23255;3458;"Follow up";4,830801;48,677971
"41";23253;3457;"Follow up";5,289685;48,695972
"42";23287;3456;"Follow up";2,356439;49,635703
"43";23291;3455;"Follow up";6,573043;48,234639
"44";23207;3454;"Follow up";4,646713;48,610818
"45";23205;3453;"Follow up";4,216425;48,070625
"46";23203;3449;"Follow up";2,0827;45,3645
"47";23195;3435;"Follow up";2,58135;50,442284
"48";23201;3439;"Follow up";6,555091;47,875095
"49";23199;3438;"Follow up";4,414788;49,236526
"50";23197;3437;"Follow up";3,6168;44,1486
"51";23193;3434;"Follow up";2,482452;44,82084
"52";23191;3432;"Follow up";-7,027106;40,046041
"53";23189;3431;"Follow up";-1,05605;42,898722
"54";23181;3394;"Follow up";-0,931181;50,900661
"55";23281;3426;"To finance";14,974405145;49,543289676
"56";23187;3406;"Follow up";-8,231865;41,260435
"57";23275;3400;"To finance";-5,445768;37,995444
"58";23183;3395;"To finance";14,58525;53,524935
"59";23179;3388;"Follow up";5,783078;45,480758
"60";23177;3387;"Follow up";2,185827;45,356376
"61";23175;3386;"Follow up";10,984606;51,586825
"62";23271;3385;"Follow up";-8,439377;37,500199
"63";23173;3382;"Follow up";20,35334;45,391387
"64";23171;3381;"Follow up";-1,097351;47,534838
"65";23169;3380;"Follow up";1,565948;49,00234
"66";23167;3374;"Follow up";1,99427038;49,19219786
"67";23165;3373;"Follow up";5,907;50,0657
"68";23163;3372;"Follow up";7,465734;48,225278
"69";23161;3371;"Follow up";-0,850736;46,884413
"70";23159;3370;"To finance";6,259504;50,375062
"71";23251;3369;"Follow up";3,50681;49,41628
"72";23157;3368;"Follow up";4,625596;44,94022
"73";23155;3364;"Follow up";4,993477;45,571176
"74";23153;3363;"Follow up";6,358134;45,607849
"75";23151;3362;"Follow up";4,344726;44,981528
"76";23149;3359;"Follow up";-7,219917;39,9925
"77";23147;3357;"Follow up";2,398279;46,864871
"78";23145;3356;"To finance";2,904559;50,335322
"79";23143;3354;"To finance";8,326598;46,60281
"80";23141;3353;"To finance";5,469976;47,301918
"81";23139;3352;"Follow up";6,27824;45,97291
"82";23137;3351;"To finance";4,55083173;46,31364407
"83";23135;3350;"Follow up";-8,47233977;37,53773112
"84";23133;3348;"Follow up";11,48769;42,492383
"85";23131;3347;"Follow up";-1,229382;42,902349
"86";23129;3345;"To finance";33,86549;-14,208675
"87";23127;3343;"Follow up";3,852962;45,725019
"88";23125;3342;"Follow up";3,846666;45,925283
"89";23123;3341;"To finance";4,909556;48,96274
"90";23121;3340;"Follow up";3,3122;48,6784
"91";23119;3337;"Follow up";3,85838;46,465658
"92";23117;3336;"Follow up";3,720859;45,680337
"93";23115;3334;"Follow up";3,014937;46,644949
"94";23113;3333;"Follow up";3,514486;45,907822
"95";23111;3332;"Follow up";2,475753;43,573291
"96";23109;3330;"Follow up";18,781936240053;53,4403524331364
"97";23107;3329;"Follow up";6,278046;45,974663
"98";23105;3328;"Follow up";0,15911;49,660775
"99";23103;3327;"Follow up";1,5357;45,7959
"100";23101;3326;"Follow up";1,271209;49,879193
"101";23099;3325;"To finance";2,371629;47,138353
"102";23097;3322;"To finance";5,013703;47,266957
"103";23095;3321;"Follow up";2,305893;48,824741
"104";23093;3320;"Follow up";23,725075;47,144999
"105";23091;3319;"To finance";-0,5557;44,902
"106";23089;3318;"Follow up";105,381514;25,803469
"107";23087;3317;"Follow up";1,9074809;45,4510214
"108";23085;3316;"Follow up";5,145529;50,8425
"109";23083;3315;"To finance";-4,40822222222222;34,1504444
"110";23081;3314;"Follow up";-0,3663;49,144992
"111";23079;3313;"Follow up";5,35903055;50,181925
"112";23077;3312;"Follow up";1,53;42,97
"113";23075;3311;"Follow up";2,444603;45,7501262
"114";23073;3310;"Follow up";0,909581;47,131938
"115";23071;3309;"Follow up";4,099298;50,1136855
"116";23069;3308;"Follow up";5,590883;50,10099
"117";23067;3307;"To finance";5,554141;50,159256
"118";23065;3306;"Follow up";1,883563;45,506177
"119";23063;3305;"Follow up";6,161056;49,958694
"120";23061;3304;"Follow up";2,015037;47,627917
"121";23059;3302;"Follow up";-0,82798;47,43481
"122";23057;3301;"Follow up";3,607614;49,276184
"123";23249;3297;"Follow up";0,465739;47,958338
"124";23055;3296;"Follow up";-1,66369444444444;46,9636667
"125";23053;3294;"Follow up";-1,993217;47,551539
"126";23051;3293;"Follow up";3,86148521;44,616503
"127";23049;3292;"Follow up";3,176341;49,041981
"128";23047;3291;"Follow up";1,084459;49,133755
"129";23045;3290;"To finance";6,821;48,3044
"130";23039;3287;"Follow up";7,046393158;48,56605593
"131";23043;3289;"Follow up";6,563325;47,868856
"132";23041;3288;"To finance";6,6491319;48,5991863
"133";23035;3285;"Follow up";1,746928;49,466337
"134";23037;3286;"Follow up";4,949145;48,968934
"135";23327;3282;"Follow up";7,486601;48,618349
"136";23329;3281;"Follow up";7,80328193969087;48,8202169049138
"137";23033;3279;"Follow up";6,85284755;48,862715
"138";23031;3278;"To finance";2,263229;45,330316
"139";23029;3277;"Follow up";3,651705;49,046626
"140";23027;3276;"Follow up";3,3122;48,6784
"141";23025;3274;"Follow up";4,535062;45,735511
"142";23023;3273;"Follow up";0,17;47,356667
"143";23021;3272;"Follow up";-0,960079;47,321585
"144";23019;3267;"Follow up";2,40003676987308;49,988470779378
"145";23017;3266;"Follow up";6,083204;45,361687
"146";23015;3265;"Follow up";2,730138;45,865445
"147";23321;3263;"Follow up";5,82755;49,91875
"148";23013;3262;"Follow up";2,015037;47,627917
"149";23011;3260;"Follow up";5,9263;50,2544
"150";23009;3259;"Follow up";-1,177624;46,719717
"151";23007;3257;"Follow up";0,197222222222222;47,8183333
"152";23005;3256;"Follow up";5,11935;46,83463
"153";23003;3255;"Follow up";5,13195;46,83304
"154";23001;3240;"Follow up";-16,43416;13,805301
"155";22999;3239;"Follow up";-1,672939;47,152484
"156";22997;3238;"Follow up";3,661292;45,246424
"157";22995;3237;"Follow up";3,218723;46,632352
"158";22993;3234;"Follow up";-3,23421266;42,45874221
"159";22991;3232;"Follow up";0,906725;45,065919
"160";22989;3227;"Follow up";1,679929;42,873366
"161";22987;3224;"Follow up";-1,38603;51,70351
"162";22985;3221;"Follow up";5,8145;46,93454
"163";22983;3220;"Follow up";3,25984;46,71336
"164";22981;3219;"Follow up";6,62788;52,24051
"165";22979;3218;"Follow up";-1,215203;47,557971
"166";22977;3217;"Follow up";0,300384;47,997151
"167";22975;3216;"Follow up";-0,556347;47,557524
"168";22973;3215;"Follow up";2,830642;50,665928
"169";22971;3213;"Follow up";0,2769;49,0027
"170";22969;3210;"Follow up";-1,837176;46,853233
"171";22967;3209;"Follow up";-0,93058;50,8931
"172";22965;3208;"Follow up";5,809084;45,62863
"173";22963;3203;"Follow up";0,5626;46,84715
"174";22961;3196;"Follow up";5,83852;49,99366
"175";22959;3194;"Follow up";6,04194;49,6825
"176";22957;3193;"Follow up";6,04911;49,92483
"177";22955;3192;"Follow up";6,18708;49,72802
"178";22953;3190;"Follow up";2,93659;44,6649
"179";22951;3189;"Follow up";0,040561;48,17457
"180";22949;3187;"Follow up";11,6809222;43,9241944
"181";22947;3184;"Follow up";1,11505555555556;49,8273611
"182";22945;3183;"Follow up";-1,238652;46,762833
"183";22943;3182;"Follow up";1,273366;49,878703
"184";22941;3181;"Follow up";-8,0387583;38,748475
"185";22939;3180;"To finance";-8,52007777;37,9791278
"186";22937;3179;"Follow up";-8,4967972;37,3381361
"187";22935;3178;"Follow up";-8,4723388;37,5377306
"188";22933;3177;"Follow up";-7,982861111;39,7055333
"189";22931;3175;"Follow up";-8,29471666;41,2822556
"190";22929;3174;"To finance";7,982861;39,7055333
"191";22927;3173;"To finance";-8,274025;40,8881972
"192";22925;3172;"Follow up";6,785099;45,05422
"193";22923;3168;"Follow up";-0,91039744;44,458551
"194";22921;3167;"Follow up";0,66818187;46,1867943
"195";22919;3166;"Follow up";0,291635;47,685079
"196";22917;3165;"To finance";5,3505;50,184889
"197";22915;3164;"Follow up";23,725075;47,144999
"198";22913;3163;"Follow up";3,807762;50,176937
"199";22911;3162;"Follow up";-0,322049;48,102672
"200";22909;3160;"Follow up";5,74694;50,43722
"201";22907;3159;"Follow up";-1,544288;46,505893
"202";22905;3158;"Follow up";-1,107902;47,187945
"203";22903;3157;"Follow up";-0,474839;47,775174
"204";22901;3156;"Follow up";1,741141;49,58578
"205";22899;3155;"Follow up";2,720098;49,530632
"206";22897;3154;"Follow up";6,524205;50,365659
"207";22895;3152;"Follow up";5,867422;50,225394
"208";22893;3151;"Follow up";7,853072;51,373042
"209";22891;3150;"Follow up";7,4533;48,225
"210";22889;3149;"Follow up";1,7887;50,0147
"211";22887;3148;"Follow up";0,007929;47,992679
"212";22885;3147;"Follow up";1,768439;50,844776
"213";22883;3146;"Follow up";18,291223;40,05653
"214";22881;3145;"Follow up";18,20277;40,06666
"215";22879;3144;"Follow up";5,065541;47,339592
"216";22877;3143;"To finance";25,729775;-33,004406
"217";22875;3142;"To finance";-0,350196;46,76449
"218";22873;3141;"Follow up";4,527847;49,556194
"219";22871;3140;"Follow up";2,712628;48,494011
"220";22869;3139;"Follow up";-0,436944;47,918889
"221";22867;3138;"Follow up";0,3751;45,65
"222";22865;3137;"Follow up";18,243235;40,070782
"223";22863;3136;"Follow up";1,8319;45,3727
"224";22861;3135;"Follow up";19,151984;-33,242038
"225";22859;3134;"Follow up";8,62731;40,14266
"226";23293;3133;"Follow up";29,464359;-1,97059
"227";21261;1670;"Follow up";14,556713;51,113488
"228";22857;3132;"Follow up";18,73885;53,45752
"229";22855;3131;"Follow up";5,610312;47,12355
"230";22853;3130;"Follow up";24,469626;38,05201
"231";22851;3128;"Follow up";-5,95583;49,9711111
"232";21411;1748;"Follow up";-0,10339;48,666319
"233";22849;3126;"Follow up";5,425058;43,284231
"234";21423;1755;"Follow up";4,830801;48,677971
"235";21421;1754;"To finance";2,343575;48,791628
"236";21415;1750;"Follow up";3,907456;49,025936
"237";21417;1751;"Follow up";2,352154;49,740977
"238";23319;1744;"Follow up";-2,7336083333;54,5974861
"239";23323;3120;"Follow up";5,755;50,15666
"240";23317;3119;"Follow up";5,36888888;49,8883333
"241";21101;1585;"Follow up";-8,472158;37,533352
"242";21419;1753;"To finance";8,326598;46,60281
"243";21413;1749;"To finance";5,145529;50,8425
"244";23315;3118;"Follow up";5,4914;49,7714
"245";23313;3117;"Follow up";5,9531;50,2253
"246";22847;3116;"Follow up";6,09824;50,369016
"247";21399;1741;"Follow up";-16,444328;13,812476
"248";22845;3115;"Follow up";-2,480988;47,603843
"249";22843;3114;"Follow up";4,22648;47,077316
"250";22841;3113;"Follow up";-2,075614;47,920506
"251";22839;3112;"Follow up";2,5119;49,1819
"252";21407;1746;"Follow up";-2,401049;48,490113
"253";22837;3111;"Follow up";5,077583;48,772528
"254";21409;1747;"To finance";0,541411;5,78995
"255";22835;3110;"Follow up";4,0415;49,23
"256";21103;1586;"To finance";-122,577755;40,689611
"257";22833;3107;"Follow up";-0,833802;44,526081
"258";21405;1745;"To finance";33,870672;-14,206977
"259";21403;1743;"Follow up";2,881832;50,641647
"260";22831;3105;"Follow up";47,531764;-18,743042
"261";22829;3104;"Follow up";2,638983;50,54079
"262";22827;3103;"Follow up";7,662306;48,579861
"263";22825;3102;"Follow up";-0,370868;49,2207275
"264";22823;3100;"Follow up";-1,682968;46,699936
"265";21381;1731;"Follow up";-3,2261571;42,4599676
"266";21385;1733;"Follow up";0,290636;46,02593
"267";22821;3099;"Follow up";0,611349;45,858856
"268";21105;1587;"Follow up";3,476722;45,57049
"269";21377;1729;"Follow up";6,3311;46,021
"270";22819;3098;"Follow up";0,213534;49,355951
"271";21383;1732;"Follow up";0,761886;49,564084
"272";21401;1742;"Follow up";-1,785387;46,611042
"273";22817;3097;"Follow up";2,309519;48,812425
"274";21379;1730;"Follow up";-1,225595;46,698729
"275";21395;1738;"To finance";-74,829488;42,38288
"276";22815;3096;"Follow up";2,495194;50,116444
"277";22813;3095;"Follow up";5,9675;50,1502
"278";22811;3094;"Follow up";3,815898;48,978654
"279";22809;3093;"Follow up";2,01459;47,627914
"280";21375;1728;"Follow up";-0,94235;52,055
"281";22807;3092;"Follow up";14,4960587439376;53,4706889284789
"282";22805;3091;"Follow up";3,596458;45,192661
"283";21397;1740;"Follow up";0,888895;45,063277
"284";22803;3090;"Follow up";6,93266;43,64162
"285";21361;1721;"Follow up";-1,065449;47,021489
"286";21095;1581;"Follow up";2,253513;45,459629
"287";22801;3089;"Follow up";1,669063;43,072378
"288";22799;3088;"Follow up";1,4308862;43,6761383
"289";22797;3087;"Follow up";4,6406038;43,8120564
"290";22795;3086;"Follow up";2,1987891;48,8963907
"291";22793;3085;"Follow up";-0,231542;47,837263
"292";21099;1583;"Follow up";-0,576213;47,495827
"293";22791;3084;"Follow up";5,036794;46,154178
"294";22789;3083;"Follow up";4,497902;45,250411
"295";21259;1669;"Follow up";2,190319;44,894291
"296";22787;3082;"Follow up";5,190076;46,156856
"297";22785;3081;"Follow up";5,673505;45,330586
"298";22783;3080;"Follow up";4,607558;45,43176
"299";21389;1735;"To finance";9,35882;9,459266
"300";22781;3079;"Follow up";2,341439;48,74607
"301";22779;3078;"Follow up";2,930286;48,371919
"302";22777;3077;"Follow up";17,025604;52,546567
"303";22775;3076;"Follow up";5,831557;49,949281
"304";22773;3075;"Follow up";6,088193;50,148595
"305";21391;1736;"Follow up";11,64361111;43,9494444
"306";22771;3074;"Follow up";0,920399;48,105004
"307";21387;1734;"Follow up";-72,256533;19,32605
"308";21393;1737;"Follow up";-77,9708437392696;-1,48702039356295
"309";22769;3073;"Follow up";2,9156;49,187
"310";22767;3071;"Follow up";8,89212;9,92849
"311";22765;3070;"To finance";-66,0494726649511;-8,94857657223611
"312";22763;3069;"Follow up";-0,018974;47,383052
"313";22761;3068;"Follow up";19,421319;-33,289911
"314";22759;3067;"Follow up";4,6598;46,3972
"315";21093;1580;"Follow up";2,083803;45,247288
"316";22757;3066;"Follow up";-0,398582;46,517628
"317";21279;1680;"Follow up";3,178586;44,584128
"318";21287;1684;"Follow up";1,384677;42,989933
"319";22755;3065;"Follow up";-0,496546;46,769859
"320";22753;3064;"Follow up";2,419229;48,642159
"321";22751;3063;"Follow up";17,055;52,553889
"322";21343;1712;"To finance";-74,593792;42,726852
"323";22749;3062;"Follow up";3,95738;45,325026
"324";21107;1588;"Follow up";18,783361;53,440306
"325";22535;2951;"Follow up";2,93512;43,66028
"326";22533;2950;"Follow up";5,78675;44,990602
"327";22531;2949;"Follow up";5,76167;45,414284
"328";21273;1676;"Follow up";0,786003;45,064451
"329";21347;1714;"Follow up";0,902562;45,069786
"330";22529;2948;"Follow up";6,111626;50,147768
"331";22527;2947;"Follow up";5,994494;50,158065
"332";21351;1716;"Follow up";3,5458;47,513
"333";21367;1724;"Follow up";-0,243252;48,078118
"334";22525;2946;"To finance";96,23761;5,26042
"335";21345;1713;"Follow up";5,2717;48,683
"336";21313;1697;"To finance";98,21548;4,25165
"337";22523;2945;"Follow up";1,95034550416083;48,7595925938629
"338";21365;1723;"Follow up";48,902646;2,186047
"339";21357;1719;"Follow up";-1,9156;47,5044
"340";21295;1688;"Follow up";-1,417397;46,748582
"341";21353;1717;"Follow up";2,766778;45,568383
"342";22521;2944;"Follow up";-1,017231;47,119677
"343";21317;1699;"Follow up";4,937892;46,042574
"344";22519;2943;"Follow up";4,936681;46,284903
"345";22517;2942;"Follow up";4,999369;46,160627
"346";21267;1673;"Follow up";4,743987;46,007173
"347";21309;1695;"To finance";6,2337;48,4968
"348";22515;2941;"Follow up";2,477569;46,49299
"349";21323;1702;"Follow up";0,024907;46,709425
"350";22513;2939;"Follow up";5,145529;50,8425
"351";21257;1668;"Follow up";5,805419;43,999631
"352";22511;2938;"Follow up";5,3572;49,4804
"353";21337;1709;"Follow up";4,662366;48,602666
"354";21335;1708;"Follow up";6,608334;47,915455
"355";21333;1707;"Follow up";5,61559;47,940612
"356";21349;1715;"Follow up";5,496404;47,437486
"357";22509;2937;"Follow up";1,641131;43,193518
"358";22507;2936;"Follow up";-2,439437;47,674444
"359";22505;2935;"Follow up";-0,282157;48,549577
"360";22503;2934;"Follow up";-0,09159;46,6463
"361";22501;2933;"Follow up";5,577991;45,417563
"362";22499;2932;"Follow up";0,502222;46,434166
"363";21119;1595;"Follow up";0,326108;46,130174
"364";21371;1726;"Follow up";0,332088;46,269373
"365";21117;1594;"Follow up";3,5409;45,4699
"366";22497;2931;"Follow up";3,513951;45,502087
"367";22495;2930;"Follow up";3,555;45,585
"368";22493;2929;"Follow up";1,051845;49,395842
"369";22491;2928;"Follow up";2,242255;48,590188
"370";22489;2927;"Follow up";-0,684909;47,053371
"371";21255;1667;"To finance";5,9628;49,4382
"372";22487;2926;"Follow up";3,670454;50,54459
"373";21277;1679;"Follow up";5,657025;43,824507
"374";21269;1674;"Follow up";23,733404;47,144756
"375";22485;2925;"Follow up";2,062778;42,851111
"376";21299;1690;"Follow up";0,669526;46,19068
"377";21303;1692;"Follow up";2,195459;45,676968
"378";22483;2924;"To finance";-4,22137144679406;5,93685694732706
"379";22481;2923;"Follow up";-0,93058;50,8931
"380";21643;1970;"Follow up";5,218833;46,4265
"381";21235;1656;"Follow up";-0,1325333;48,3853611
"382";21233;1655;"Follow up";1,9696;47,6088
"383";21231;1654;"Follow up";0,308454;47,328127
"384";21355;1718;"Follow up";-6,838;43,2223
"385";22479;2921;"Follow up";37,4613939921312;-0,0498128605406749
"386";23269;2920;"Follow up";22,207213;40,271279
"387";22477;2919;"Follow up";22,994864;40,618451
"388";21275;1677;"Follow up";5,84374;44,040987
"389";21373;1727;"Follow up";4,544346;46,236534
"390";22475;2918;"Follow up";7,31502;48,52214
"391";21271;1675;"Follow up";3,486401;46,572594
"392";22473;2917;"Follow up";3,042148;46,560871
"393";22471;2915;"Follow up";3,522553;46,583639
"394";22469;2914;"Follow up";3,740269;45,22462
"395";22467;2913;"Follow up";-51,2646729548377;-2,56072390459316
"396";22465;2912;"Follow up";7,80883;51,41083
"397";22463;2911;"Follow up";6,524034;50,36831
"398";22461;2894;"Follow up";1,426602;43,588274
"399";22459;2893;"Follow up";5,7998;50,0949
"400";22457;2892;"Follow up";-3,040331;41,233417
"401";21201;1639;"Follow up";2,49009;48,44138
"402";22455;2890;"Follow up";-1,528576;49,613217
"403";22453;2889;"Follow up";7,853085;51,371805
"404";21311;1696;"To finance";3,785945;47,194968
"405";22451;2888;"Follow up";-1,259;47,1679167
"406";22449;2887;"Follow up";0,495764;45,611767
"407";22447;2886;"Follow up";3,567451;45,234111
"408";21191;1634;"Follow up";0,423785;46,49459
"409";21189;1633;"Follow up";-7,777665;39,996868
"410";21187;1632;"Follow up";-8,503375;37,269961
"411";22445;2883;"Follow up";18,2348;40,27627
"412";22443;2882;"Follow up";2,1485;47,6
"413";22441;2881;"Follow up";5,54274;50,49337
"414";21091;1579;"To finance";-16,27194;12,58333
"415";22439;2880;"Follow up";5,70752;50,0731
"416";22437;2879;"Follow up";5,46731;50,31212
"417";22435;2878;"Follow up";2,452877;43,464022
"418";22433;2877;"Follow up";-1,290265;46,828039
"419";22431;2876;"Follow up";2,156665;49,039906
"420";22429;2875;"Follow up";-0,11763701;43,52614376
"421";21331;1706;"To finance";0,57128435636296;6,8294582121058
"422";22427;2874;"Follow up";5,78603;46,24157
"423";22425;2873;"Follow up";-0,524627;44,239866
"424";21329;1705;"To finance";0,816667;7,333333
"425";21163;1618;"Follow up";-0,348043;46,760966
"426";21161;1617;"Follow up";0,55993;47,807305
"427";21159;1616;"Follow up";2,084658;45,244088
"428";21157;1615;"Follow up";2,319343;45,832936
"429";22423;2872;"Follow up";1,642672;44,453376
"430";22421;2871;"Follow up";6,322305;43,365722
"431";21147;1610;"Follow up";-0,095313;47,644975
"432";21145;1609;"Follow up";0,107726;47,768244
"433";22419;2870;"Follow up";1,866189;45,510711
"434";22417;2869;"Follow up";1,789129;50,014645
"435";22415;2868;"To finance";-0,161479;45,61388
"436";22413;2865;"Follow up";2,11999;50,540558
"437";22411;2864;"Follow up";2,0946;50,5262
"438";22409;2863;"Follow up";-3,823909;48,428531
"439";22407;2862;"Follow up";2,504558;49,143341
"440";22405;2861;"Follow up";-0,768712;47,211959
"441";21131;1601;"Follow up";1,5876;49,5867
"442";21129;1600;"To finance";-21,438806;63,896974
"443";22403;2860;"Follow up";1,480687;42,99211
"444";22401;2859;"Follow up";2,897044;43,736269
"445";22399;2858;"Follow up";4,636199;44,948394
"446";21115;1593;"Follow up";2,315965;42,857408
"447";22397;2857;"Follow up";5,584438;45,416324
"448";22395;2856;"Follow up";-2,639358;47,805092
"449";22393;2855;"Follow up";6,41555555555556;49,1569444
"450";22391;2854;"Follow up";6,99376731847144;48,175527188151
"451";22389;2853;"Follow up";3,559165;45,419381
"452";22387;2850;"Follow up";3,879796;45,518491
"453";21239;1658;"Follow up";0,386334;46,714661
"454";22385;2848;"Follow up";-0,401258;48,144678
"455";22383;2847;"Follow up";-0,426681;46,721341
"456";21291;1686;"To finance";-97,965545382708;20,9695952930088
"457";22381;2846;"Follow up";2,925632;48,754116
"458";22379;2845;"Follow up";5,66185;50,28333
"459";22377;2844;"Follow up";5,67841;50,3524
"460";21229;1653;"Follow up";4,99655;50,11264
"461";21227;1652;"Follow up";5,68653;50,26638
"462";22375;2843;"Follow up";6,791019;47,361461
"463";21225;1651;"Follow up";-1,850182;47,035944
"464";22373;2841;"Follow up";-0,330313;45,6493668
"465";22371;2840;"Follow up";-0,270959;45,580804
"466";22369;2839;"Follow up";1,994046;45,396978
"467";21219;1648;"Follow up";5,591755;44,061994
"468";21217;1647;"Follow up";5,502289;44,076683
"469";22367;2838;"Follow up";-0,861791;46,964026
"470";22365;2837;"Follow up";-1,184616;47,221666
"471";22363;2836;"Follow up";5,995185;50,108908
"472";22361;2835;"Follow up";-1,939038;47,451601
"473";21215;1646;"Follow up";-1,659602;46,905975
"474";22359;2834;"Follow up";3,75617;45,244982
"475";22357;2833;"Follow up";2,017213;45,400475
"476";22355;2832;"Follow up";0,615779;47,866248
"477";22353;2831;"Follow up";7,27551521;48,4203853
"478";22351;2830;"Follow up";1,0678;48,7399
"479";22349;2829;"Follow up";0,991472;49,785139
"480";22347;2828;"Follow up";2,083129;45,36456
"481";22345;2827;"Follow up";2,082599;45,678195
"482";22343;2826;"Follow up";2,605386;43,833139
"483";22341;2825;"Follow up";2,755804;43,60225
"484";22339;2824;"Follow up";2,598795;45,658818
"485";22337;2823;"Follow up";4,415272;45,352321
"486";22335;2822;"Follow up";0,259072;48,040483
"487";21199;1638;"Follow up";3,156852;45,727723
"488";22333;2821;"Follow up";2,846825;48,83312
"489";21197;1637;"To finance";-7,900053;39,693542
"490";21195;1636;"Follow up";5,909865;43,615162
"491";22331;2819;"Follow up";5,782008;49,397413
"492";22329;2818;"Follow up";0,751;46,925
"493";22327;2817;"Follow up";37,645563972702;-6,75790545766158
"494";22325;2816;"Follow up";-0,880896;52,954197
"495";22323;2815;"Follow up";2,767426;47,513231
"496";21177;1626;"Follow up";7,532172;48,528629
"497";22321;2814;"Follow up";0,0778;48,6069
"498";21175;1625;"To finance";6,436673;52,541066
"499";22319;2813;"Follow up";-7,910039;39,705414
"500";22317;2812;"Follow up";6,123893;50,145242
"501";22315;2811;"Follow up";6,058661;50,174397
"502";22313;2810;"Follow up";3,203194;50,097866
"503";22311;2809;"Follow up";6,984167;47,802222
"504";22309;2808;"Follow up";3,186214;50,090128
"505";22307;2807;"Follow up";-2,395759;48,474106
"506";22305;2806;"Follow up";-1,69874;46,686908
"507";21283;1682;"To finance";-8,465154;54,111894
"508";22303;2805;"Follow up";-1,573808;41,438464
"509";22301;2804;"Follow up";5,380243;50,451065
"510";22299;2803;"Follow up";6,400236;50,126087
"511";21155;1614;"Follow up";2,409821;46,890588
"512";22297;2802;"Follow up";2,453081;47,278833
"513";21153;1613;"To finance";6,237094;48,476885
"514";21151;1612;"Follow up";6,131574;48,444137
"515";22295;2801;"Follow up";-0,786859;49,289419
"516";22293;2800;"Follow up";79,7434;12,6211
"517";21143;1608;"To finance";-66,0494726649511;-8,94857657223611
"518";22291;2799;"Follow up";11,680947;43,883003
"519";22289;2797;"Follow up";-70,4935;-9,2667
"520";22287;2796;"Follow up";-69,560358;-10,231764
"521";21139;1605;"Follow up";-69,5603584714781;-10,231764360083
"522";22285;2795;"Follow up";3,799436;44,690299
"523";21137;1604;"To finance";-8,013781;39,704794
"524";21327;1704;"To finance";112,27168;-3,10953
"525";22283;2794;"Follow up";-0,227973;48,213076
"526";22281;2793;"Follow up";2,388524;43,439789
"527";22279;2791;"Follow up";3,721919;43,59268
"528";22277;2790;"Follow up";4,340122;45,91153
"529";22275;2788;"Follow up";105,37962;25,77696
"530";21127;1599;"Follow up";105,384492;25,794886
"531";22273;2787;"Follow up";-3,88344;48,32672
"532";22271;2786;"Follow up";2,398279;46,864871
"533";22269;2785;"Follow up";1,727894;47,761726
"534";21113;1592;"Follow up";5,58608;43,875789
"535";22267;2784;"Follow up";2,673423;50,669012
"536";22265;2783;"Follow up";2,040969;45,390219
"537";22263;2782;"Follow up";5,797056;45,519899
"538";22261;2780;"Follow up";5,174878;49,69879
"539";21253;1666;"Follow up";5,25194;49,7104
"540";21251;1665;"Follow up";0,313215;46,915371
"541";22259;2779;"Follow up";4,7258;48,0227
"542";22257;2778;"Follow up";5,166431;48,680874
"543";22255;2777;"Follow up";5,403911;49,307122
"544";22253;2776;"Follow up";-0,048556;48,618628
"545";21237;1657;"Follow up";5,596283;43,885132
"546";21315;1698;"Follow up";5,941384;43,459396
"547";22251;2775;"Follow up";3,732;50,146532
"548";22249;2774;"Follow up";6,11008065879784;50,1322012970778
"549";22247;2773;"Follow up";5,363694;50,324833
"550";22245;2772;"Follow up";-1,33132;47,158761
"551";21761;2077;"Follow up";5,5175;50,0375
"552";22243;2771;"Follow up";-123,549585;42,520823
"553";22241;2770;"Follow up";0,3936;49,107192
"554";22239;2769;"Follow up";3,539935;45,946879
"555";21725;2042;"Follow up";2,311648;43,391749
"556";22237;2767;"Follow up";0,98615;49,306847
"557";22235;2766;"Follow up";3,511167;45,907295
"558";22233;2765;"Follow up";3,950222;45,439827
"559";21363;1722;"To finance";-70,4935;-9,2667
"560";22231;2764;"Follow up";29,970667;-15,021587
"561";22229;2763;"Follow up";29,970667;-15,021587
"562";21213;1645;"To finance";106,9511;12,181
"563";21263;1671;"Follow up";3,828873;49,026493
"564";22227;2762;"Follow up";-0,840054;43,842454
"565";22225;2761;"Follow up";-0,344145;45,257003
"566";21211;1644;"Follow up";-0,559949;47,791592
"567";22223;2760;"Follow up";2,74375;48,509497
"568";22221;2758;"Follow up";-49,0789;-3,2898
"569";22219;2757;"Follow up";-49,0789;-3,2898
"570";22217;2756;"Follow up";2,570861;43,583365
"571";22215;2755;"Follow up";3,593503;45,548831
"572";21795;2112;"Follow up";2,81009849968867;49,4259538455436
"573";21209;1643;"Follow up";2,6803;48,735
"574";22213;2754;"Follow up";-1,576779;49,568861
"575";21207;1642;"Follow up";-0,790663;47,740831
"576";22211;2753;"Follow up";0,015299;47,785646
"577";22209;2752;"Follow up";6,605262;49,270285
"578";22207;2751;"Follow up";3,03427;50,675793
"579";22205;2750;"Follow up";0,876395;48,137256
"580";22203;2749;"Follow up";-3,342344;48,486212
"581";21325;1703;"Follow up";-91,9938305555556;18,0746889
"582";22201;2748;"Follow up";3,599968;45,367862
"583";21185;1631;"Follow up";2,733621;45,872054
"584";22199;2747;"Follow up";-0,95787;46,763744
"585";21241;1660;"Follow up";16,3248;49,3146
"586";22197;2746;"Follow up";16,814742773431;52,4466649490922
"587";22195;2745;"Follow up";-1,121481;47,085805
"588";21173;1624;"Follow up";0,748732;47,517738
"589";22193;2744;"Follow up";6,751724;49,083493
"590";22191;2743;"Follow up";-2,611396;47,766971
"591";21297;1689;"Follow up";-91,9938305555556;18,0746889
"592";22189;2742;"Follow up";0,271944;47,381111
"593";22187;2741;"Follow up";0,376798;49,022106
"594";21169;1621;"Follow up";2,241475;42,72494
"595";22185;2740;"Follow up";1,878427;50,094613
"596";21167;1620;"Follow up";6,572855;47,871254
"597";22183;2739;"To finance";-76,5086624906711;-6,4219398579898
"598";22181;2738;"To finance";-76,5086624906711;-6,4219398579898
"599";21321;1701;"Follow up";-0,782964;47,105938
"600";21149;1611;"Follow up";-0,901205;45,219203
"601";22179;2737;"Follow up";1,91468;45,630354
"602";21281;1681;"To finance";-5,77597777777778;34,8060056
"603";22177;2736;"Follow up";3,855769;45,929656
"604";21481;1830;"Follow up";-1,160194;47,498806
"605";22175;2735;"Follow up";4,433061;46,053798
"606";21141;1607;"Follow up";-2,264742;48,114608
"607";22173;2734;"Follow up";3,796852;49,012141
"608";22171;2733;"Follow up";3,819423;49,014103
"609";22169;2732;"Follow up";3,877852;49,031812
"610";22167;2731;"Follow up";3,230625;47,201811
"611";22165;2730;"Follow up";3,617721;45,701639
"612";22163;2728;"Follow up";3,639951;46,140147
"613";22161;2727;"Follow up";3,800902;47,216305
"614";21655;1981;"Follow up";4,649122;48,356808
"615";22159;2726;"Follow up";6,398888;48,527222
"616";22157;2725;"Follow up";6,41519;46,23428
"617";22155;2724;"Follow up";4,425033;48,264263
"618";22153;2723;"Follow up";-51,984037;0,358627
"619";21125;1598;"Follow up";6,0615526;45,3695988
"620";21123;1597;"Follow up";-16,40397;13,842164
"621";21665;1990;"Follow up";2,52177;45,702703
"622";21111;1590;"Follow up";5,92141;45,353843
"623";21265;1672;"Follow up";0,964758;43,918778
"624";22151;2722;"Follow up";3,864205;45,926483
"625";22149;2721;"Follow up";-2,893049;47,799022
"626";21771;2082;"Follow up";1,740131;46,163782
"627";21109;1589;"Follow up";1,807833;45,608659
"628";21249;1664;"Follow up";0,739539;46,727566
"629";22147;2720;"Follow up";2,071953;45,657368
"630";21247;1663;"Follow up";2,088405;45,809757
"631";21245;1662;"Follow up";1,982238;45,287584
"632";21243;1661;"To finance";33,870672;-14,206977
"633";22145;2719;"Follow up";-2,862056;47,802418
"634";22143;2717;"Follow up";6,270018;46,023593
"635";22141;2716;"Follow up";2,464475;45,757103
"636";22139;2715;"Follow up";6,88767;48,38501
"637";22137;2714;"Follow up";3,868604;49,240091
"638";21653;1979;"Follow up";4,904109;48,960891
"639";21319;1700;"Follow up";0,192411;45,068793
"640";22135;2713;"Follow up";2,446647;45,708966
"641";21223;1650;"To finance";0,81666667;7,33333333
"642";22133;2712;"To finance";-3,51667;6,168889
"643";22131;2711;"Follow up";2,452276;43,46396
"644";21477;1825;"Follow up";3,859944;45,926444
"645";22129;2710;"Follow up";8,89212;9,92849
"646";22127;2709;"Follow up";-2,819989;48,100388
"647";22125;2708;"Follow up";11,028001;42,697662
"648";22123;2707;"Follow up";5,72819;49,24858
"649";21289;1685;"To finance";98,2616670992016;4,04504100618673
"650";22121;2705;"Follow up";5,420384;48,719167
"651";21613;1947;"Follow up";-0,979673;44,389639
"652";22747;3061;"Follow up";1,099669;45,46658
"653";21097;1582;"Follow up";-0,664244;46,928653
"654";22745;3060;"Follow up";5,684113;46,988739
"655";22743;3059;"Follow up";5,657187;46,974572
"656";22741;3058;"Follow up";0,788056;45,066257
"657";21293;1687;"Follow up";92,758978;26,924317
"658";21135;1603;"To finance";18,929679;47,728976
"659";21659;1986;"Follow up";2,706203;50,384398
"660";22739;3057;"Follow up";-123,718611;48,116278
"661";22737;3056;"Follow up";2,58904;44,980517
"662";22735;3055;"Follow up";5,164964;46,4518
"663";22733;3054;"Follow up";2,18045618300255;48,965578041668
"664";22731;3053;"Follow up";2,269142;48,931423
"665";22729;3052;"Follow up";5,029485;46,159978
"666";22727;3051;"Follow up";5,049944;46,278694
"667";22725;3050;"Follow up";3,373214;45,450185
"668";21595;1934;"Follow up";3,124298;44,616449
"669";22723;3049;"Follow up";5,28672;47,629797
"670";22721;3048;"Follow up";4,196293;47,114318
"671";22719;3047;"Follow up";-0,368663;45,682058
"672";22717;3046;"Follow up";-3,407468;47,974826
"673";22715;3045;"Follow up";-3,154479;48,021509
"674";22713;3044;"Follow up";4,275;49,445556
"675";22711;3043;"Follow up";-0,315437;52,162438
"676";22709;3042;"Follow up";-2,48284;48,587582
"677";22707;3041;"Follow up";0,236944;47,373611
"678";21755;2072;"Follow up";2,4459;50,707982
"679";22705;3040;"Follow up";6,153669;49,136194
"680";22703;3039;"Follow up";5,035267;46,207885
"681";22701;3038;"Follow up";-1,76101;47,919491
"682";22699;3037;"Follow up";4,6529;46,1845
"683";22697;3036;"Follow up";11,564361;43,814972
"684";22695;3035;"Follow up";-0,852561;52,945544
"685";22693;3034;"Follow up";-0,824892;52,972719
"686";22691;3033;"To finance";-77,6060756198568;0,968414536700681
"687";21341;1711;"To finance";-77,6060756198568;0,968414536700681
"688";21305;1693;"Follow up";-76,5086624906711;-6,4219398579898
"689";22689;3032;"Follow up";5,2481;49,4762
"690";22687;3031;"Follow up";-1,680906;46,702897
"691";21205;1641;"To finance";-6,8635;52,863194
"692";21737;2062;"Follow up";-6,46444444;52,7136111
"693";22685;3030;"Follow up";-1,110429;53,862141
"694";21203;1640;"Follow up";-8,490008;37,339672
"695";22683;3029;"Follow up";-1,485938;49,333981
"696";21579;1923;"Follow up";2,21759;45,531999
"697";21509;1855;"Follow up";6,726593;48,10522
"698";21777;2086;"Follow up";6,606222;48,170389
"699";22681;3028;"Follow up";-2,896657;47,951093
"700";22679;3027;"Follow up";-3,345096;47,936202
"701";21465;1816;"Follow up";3,730298;45,729327
"702";21181;1628;"Follow up";97,98639;4,52183
"703";22677;3026;"To finance";-76,1370259152264;-6,56757296960206
"704";21179;1627;"Follow up";-76,139059209222;-6,57077495126155
"705";22675;3025;"Follow up";5,620457;43,616272
"706";22673;3024;"Follow up";-2,538412;47,963382
"707";22671;3023;"Follow up";-1,467229;46,479447
"708";22669;3022;"Follow up";-5,030306;41,852401
"709";22667;3021;"Follow up";22,41975;40,307442
"710";22665;3020;"Follow up";-1,86576;47,857345
"711";21719;2038;"Follow up";1,99519444444444;45,7869444
"712";22663;3019;"Follow up";2,550711;48,427894
"713";22661;3018;"Follow up";0,800319;49,562441
"714";22659;3017;"Follow up";1,33166;49,442245
"715";22657;3016;"Follow up";1,619222;49,855316
"716";21165;1619;"Follow up";6,433933;48,468084
"717";21475;1823;"Follow up";5,84374;45,909376
"718";22655;3014;"Follow up";2,880233;45,808668
"719";22653;3013;"Follow up";-0,000782;46,131946
"720";22651;3012;"To finance";-64,064092;-8,887917
"721";22649;3011;"Follow up";2,530092;43,63371
"722";22647;3010;"Follow up";2,494689;43,607672
"723";22645;3009;"Follow up";2,58264;49,16863
"724";22643;3008;"Follow up";2,53;49,224
"725";22641;3007;"Follow up";0,541238;45,507653
"726";22639;3006;"Follow up";0,23966;48,24421
"727";22637;3005;"Follow up";5,081901;48,782487
"728";21749;2068;"Follow up";5,599;48,689
"729";22635;3004;"Follow up";5,828861;43,346058
"730";21133;1602;"Follow up";1,837178;45,28438
"731";21463;1814;"Follow up";4,46735;50,68247
"732";21775;2085;"Follow up";5,21951;49,72489
"733";22633;3003;"Follow up";2,1299;47,4377
"734";21703;2026;"Follow up";2,56991944444444;43,555225
"735";21507;1854;"Follow up";6,398889;48,527222
"736";21539;1895;"Follow up";7,03333333;48,5569444
"737";22631;3001;"Follow up";11,2242;44,0576833
"738";21447;1795;"Follow up";3,659053;45,937092
"739";22629;3000;"Follow up";2,589421;43,601104
"740";22627;2999;"Follow up";2,195263;43,479187
"741";22625;2998;"Follow up";2,533181;43,626887
"742";22623;2997;"Follow up";2,77;43,614
"743";22621;2996;"Follow up";2,736;43,566
"744";22619;2995;"Follow up";2,675;43,636
"745";22617;2994;"Follow up";2,914576;43,649565
"746";22615;2993;"Follow up";3,247;43,81
"747";22613;2991;"Follow up";2,760036;43,457981
"748";21663;1989;"Follow up";1,981519;45,287731
"749";22611;2990;"Follow up";1,218065;49,79979
"750";21359;1720;"Follow up";-79,6247747564219;-5,66373885747239
"751";22609;2989;"Follow up";1,440884;50,034265
"752";21789;2100;"Follow up";2,521142;43,589243
"753";22607;2988;"Follow up";1,911519;45,249031
"754";22605;2987;"Follow up";2,318073;45,371467
"755";21457;1804;"Follow up";0,108516;46,499336
"756";22603;2986;"Follow up";2,57706;45,652163
"757";22601;2985;"Follow up";3,58783;44,391138
"758";21793;2110;"Follow up";3,380957;44,499168
"759";22599;2984;"Follow up";3,893924;44,374254
"760";22597;2983;"Follow up";3,449;44,486
"761";21797;2113;"Follow up";2,317;42,832
"762";21731;2059;"Follow up";0,792615;43,678918
"763";22595;2982;"Follow up";11,64383888;43,9496861
"764";22593;2981;"Follow up";4,619319;45,806063
"765";22591;2980;"Follow up";47,53341;-18,73702
"766";22589;2979;"Follow up";1,9696;47,6088
"767";22587;2978;"Follow up";4,10671;47,20182
"768";22585;2977;"Follow up";3,804649;45,203755
"769";22583;2976;"Follow up";2,469461;43,577909
"770";21605;1941;"Follow up";1,116701;46,039001
"771";21567;1916;"Follow up";3,192933;46,503491
"772";21743;2065;"Follow up";6,535022;52,238693
"773";21307;1694;"Follow up";6,53627;52,23047
"774";22581;2975;"Follow up";4,0993;48,0938
"775";22579;2974;"Follow up";2,577624;43,908174
"776";22577;2973;"Follow up";3,55061;45,54
"777";21615;1949;"Follow up";1,712988;48,64198
"778";22575;2972;"Follow up";5,9765;50,0118
"779";22573;2971;"Follow up";0,806021;46,63477
"780";21763;2078;"Follow up";5,308199;46,044794
"781";21461;1806;"Follow up";4,430527;45,398455
"782";22571;2970;"Follow up";4,463372;45,377342
"783";22569;2969;"Follow up";6,0606;50,0427
"784";21651;1978;"Follow up";-0,080101;48,781522
"785";22567;2968;"Follow up";0,502305555555556;46,43425
"786";22565;2967;"Follow up";-1,02608333333333;44,2735556
"787";21635;1963;"Follow up";-0,493612;48,669131
"788";21697;2022;"Follow up";2,373487;50,374235
"789";21773;2084;"Follow up";6,3811875;50,083637
"790";21193;1635;"Follow up";6,5236664;50,3655268
"791";22563;2966;"Follow up";6,136322;50,082622
"792";21609;1943;"Follow up";2,269621;49,595455
"793";21493;1839;"Follow up";4,135486;45,385391
"794";21561;1912;"Follow up";-0,882222;48,624167
"795";22561;2965;"Follow up";6,1115;50,0874
"796";21451;1798;"Follow up";1,21786;49,799273
"797";22559;2964;"Follow up";-1,396389;47,064833
"798";21677;1998;"Follow up";-2,230801;47,711101
"799";22557;2963;"Follow up";5,844095;43,345437
"800";22555;2962;"Follow up";4,274962;47,866782
"801";22553;2961;"Follow up";2,502576;43,642605
"802";22551;2960;"Follow up";3,743499;45,24301
"803";22549;2959;"Follow up";-0,492613;46,768531
"804";22547;2958;"Follow up";-81,814139;29,733528
"805";21529;1875;"Follow up";7,689775;48,920275
"806";21527;1874;"Follow up";7,694013;48,939553
"807";22545;2957;"Follow up";2,195263;43,479187
"808";22543;2956;"Follow up";3,86488414;44,61939735
"809";22541;2955;"Follow up";10,800479;54,284301
"810";21521;1871;"Follow up";4,609688;46,351786
"811";22539;2954;"Follow up";5,709782;43,322381
"812";22537;2953;"Follow up";-16,29225;13,74425
"813";21759;2076;"Follow up";3,377867;45,45741
"814";22119;2704;"Follow up";-1,093556;54,50158
"815";21435;1777;"Follow up";-0,348644;46,760966
"816";22117;2703;"Follow up";5,731494;43,891035
"817";22115;2702;"Follow up";-1,066969;42,853189
"818";22113;2701;"Follow up";-1,095594;41,90557
"819";21695;2016;"Follow up";-0,999117;42,726383
"820";21599;1936;"Follow up";2,869336;43,688377
"821";21787;2099;"Follow up";2,510719;43,782447
"822";21479;1828;"Follow up";3,739001;45,608301
"823";21455;1800;"Follow up";-1,881509;47,712608
"824";22111;2699;"Follow up";6,249473;49,102087
"825";21783;2097;"Follow up";2,668139;43,724261
"826";21745;2066;"Follow up";5,381948;51,339119
"827";21739;2063;"Follow up";-6,231;53,167111
"828";21587;1929;"Follow up";4,794615;44,700542
"829";22109;2697;"Follow up";-0,236953;44,222154
"830";22107;2696;"Follow up";2,246269;45,769804
"831";22105;2695;"Follow up";0,4752;46,6535
"832";22103;2694;"Follow up";0,705356597900391;46,5834062186124
"833";22101;2693;"Follow up";-0,143596;48,592195
"834";21641;1968;"Follow up";0,089049;48,750063
"835";22099;2692;"Follow up";-4,218836;48,329678
"836";22097;2691;"Follow up";16,2878;49,3091
"837";22095;2690;"Follow up";3,881644;49,038319
"838";21183;1630;"Follow up";-77,6060756198568;0,968414536700681
"839";21575;1921;"Follow up";2,28885;45,708665
"840";22093;2688;"Follow up";1,827942;45,365515
"841";22091;2687;"Follow up";2,185639;45,636194
"842";21581;1925;"Follow up";3,206945;46,474415
"843";22089;2686;"Follow up";6,39667;49,165323
"844";21699;2023;"Follow up";-0,615756;47,851063
"845";21171;1623;"Follow up";3,545165;45,512921
"846";21623;1955;"Follow up";0,674;46,187
"847";22087;2685;"Follow up";3,305832;44,588053
"848";21751;2069;"Follow up";0,2794;49,0171
"849";22085;2684;"Follow up";7,481014;48,240101
"850";22083;2683;"Follow up";9,768116;56,196799
"851";22081;2682;"Follow up";5,924184;46,767705
"852";22079;2681;"Follow up";2,502789;48,442047
"853";22077;2680;"Follow up";-0,701755;47,142618
"854";21693;2014;"Follow up";3,471015;44,132584
"855";22075;2679;"Follow up";3,86486;44,532842
"856";22073;2678;"Follow up";3,895715;44,485848
"857";22071;2677;"Follow up";-49,0789;-3,2898
"858";22069;2676;"Follow up";1,804883;49,680401
"859";22067;2675;"Follow up";121,08712;50,55608
"860";22065;2674;"Follow up";19,1926922384487;-33,5311205857941
"861";21515;1861;"Follow up";-21,427592;63,893192
"862";21713;2032;"Follow up";1,09741;48,01697
"863";22063;2673;"Follow up";-3,626011;48,406657
"864";21671;1993;"Follow up";1,958611;50,707501
"865";21525;1873;"Follow up";7,133936;49,027106
"866";22061;2672;"Follow up";1,921438;46,493965
"867";22059;2671;"Follow up";3,3975;50,6561111
"868";22057;2670;"Follow up";5,857833;50,661528
"869";21437;1778;"Follow up";-0,712157;46,826806
"870";22055;2669;"Follow up";7,7647;51,413276
"871";21557;1908;"Follow up";0,646951;49,043212
"872";21555;1907;"Follow up";4,751553;46,102988
"873";21631;1959;"Follow up";0,111169;48,119693
"874";21497;1842;"Follow up";0,234492;47,077606
"875";21439;1779;"Follow up";-0,444834;46,856083
"876";22053;2668;"Follow up";3,276308;45,149434
"877";22051;2665;"Follow up";2,63572;43,985667
"878";22049;2664;"Follow up";7,7647;51,413276
"879";22047;2663;"Follow up";5,080375;49,695464
"880";21425;1756;"Follow up";3,977996;49,115471
"881";22045;2662;"Follow up";2,30878;48,789354
"882";22043;2661;"Follow up";2,156228;48,680533
"883";22041;2660;"Follow up";2,385244;48,844678
"884";22039;2659;"Follow up";2,25601;48,73133
"885";21685;2005;"Follow up";-1,285978;47,001536
"886";21705;2028;"Follow up";4,872356;46,036384
"887";21285;1683;"To finance";25,105228;-33,429116
"888";21513;1860;"Follow up";4,100471;47,012141
"889";21547;1900;"Follow up";1,793513;48,859851
"890";21779;2089;"Follow up";5,72241;46,99352
"891";21657;1983;"Follow up";-1,326857;46,782004
"892";21727;2043;"Follow up";-1,856303;46,861864
"893";22037;2658;"Follow up";-1,554093;46,496723
"894";22035;2657;"Follow up";2,347905;48,47852
"895";22033;2656;"Follow up";2,342507;48,744283
"896";21715;2033;"Follow up";3,213326;47,179941
"897";22031;2655;"Follow up";3,106054;48,738081
"898";21675;1997;"Follow up";-0,98612;46,636136
"899";22029;2654;"Follow up";4,957222;48,577389
"900";21369;1725;"Follow up";0,414133;47,368049
"901";21531;1876;"Follow up";5,03;48,85
"902";22027;2653;"Follow up";10,989911;42,723021
"903";21741;2064;"Follow up";11,547103;43,813153
"904";22025;2652;"Follow up";2,136434;45,076334
"905";22023;2651;"Follow up";2,177028;44,922611
"906";21487;1834;"Follow up";-1,356415;46,962617
"907";21767;2080;"Follow up";11,254815;44,110797
"908";21537;1889;"Follow up";7,326628;48,707149
"909";21603;1938;"Follow up";2,866641;50,661723
"910";21551;1902;"Follow up";0,103007;47,768682
"911";22021;2650;"Follow up";1,545343;43,546113
"912";21601;1937;"Follow up";2,1295;50,3648
"913";21535;1887;"Follow up";1,983395;50,537066
"914";22019;2649;"Follow up";3,986688;49,035714
"915";22017;2648;"Follow up";-123,550934;42,543546
"916";21585;1928;"Follow up";4,195269;47,232332
"917";21687;2006;"Follow up";-0,128761;48,385096
"918";21443;1788;"Follow up";6,978988;47,822208
"919";22015;2646;"Follow up";3,340044;46,806995
"920";21667;1991;"Follow up";3,055501;44,61201
"921";21639;1965;"Follow up";3,936886;47,006723
"922";21545;1899;"Follow up";0,276389;47,378333
"923";22013;2645;"Follow up";-4,365252;48,254024
"924";21707;2029;"Follow up";-1,690696;46,854902
"925";22011;2644;"Follow up";-4,364883;48,252928
"926";22009;2643;"Follow up";4,767674;48,059967
"927";21445;1791;"Follow up";2,289437;47,691104
"928";21621;1954;"Follow up";1,685222;42,873778
"929";21647;1975;"Follow up";6,894399;48,065203
"930";21503;1851;"Follow up";2,168056;47,405778
"931";22007;2642;"Follow up";3,582124;49,254654
"932";21491;1837;"Follow up";-1,185327;46,502175
"933";22005;2641;"Follow up";-52,845333;-1,505791
"934";22003;2639;"Follow up";-5,212397;31,17102
"935";22001;2638;"Follow up";-72,289698;19,252793
"936";21999;2637;"Follow up";-72,670013;18,260405
"937";21997;2636;"Follow up";5,502863;48,541003
"938";21995;2635;"Follow up";-14,282641;10,327502
"939";21993;2634;"Follow up";-1,250459;48,237213
"940";21633;1960;"Follow up";1,41464;50,030049
"941";21991;2633;"Follow up";97,92509;4,61597
"942";21483;1831;"Follow up";-0,769127;47,211401
"943";21691;2013;"Follow up";-1,392989;46,907716
"944";21989;2632;"Follow up";-1,177914;46,764317
"945";21573;1920;"Follow up";2,493522;45,667731
"946";21489;1835;"Follow up";-0,580244;47,640175
"947";21987;2631;"Follow up";5,788446;47,053539
"948";21441;1780;"Follow up";2,590494;47,231853
"949";21571;1919;"Follow up";1,827209;45,364198
"950";21569;1918;"Follow up";1,636509;45,841792
"951";21985;2630;"Follow up";2,955368;44,61506
"952";21637;1964;"Follow up";3,838909;45,302578
"953";21711;2031;"Follow up";0,683501;48,288693
"954";21785;2098;"Follow up";2,510527;43,783365
"955";21983;2629;"Follow up";-3,804891;47,940988
"956";21431;1761;"Follow up";-0,243252;48,078118
"957";21519;1863;"Follow up";5,481491;48,890427
"958";21565;1915;"Follow up";2,28212;43,38985
"959";21981;2626;"Follow up";4,177222;50,088889
"960";21645;1974;"Follow up";0,787068;49,725934
"961";21979;2625;"Follow up";4,316667;46,897778
"962";21625;1956;"Follow up";1,606485;49,442587
"963";21977;2624;"Follow up";0,2298;49,203
"964";21511;1859;"Follow up";4,295701;47,247301
"965";21975;2623;"Follow up";2,939778;46,644361
"966";21757;2075;"Follow up";3,496102;45,65931
"967";21973;2622;"Follow up";3,53537;45,45476
"968";21669;1992;"Follow up";3,483132;45,300203
"969";21971;2621;"Follow up";5,825724;50,384759
"970";21969;2620;"Follow up";4,138056;50,062778
"971";21967;2619;"Follow up";2,862836;50,524589
"972";21753;2070;"Follow up";1,5935;49,5751
"973";21747;2067;"Follow up";5,597309;48,693301
"974";21965;2618;"Follow up";-3,950252;48,416326
"975";21673;1995;"Follow up";-2,439314;47,675202
"976";21689;2010;"Follow up";3,654955;45,33126
"977";21963;2616;"Follow up";36,819223294527;-1,29496593193777
"978";21961;2613;"Follow up";2,082113;45,683822
"979";21617;1950;"Follow up";0,954236;48,302636
"980";21959;2612;"Follow up";-0,356556;48,356701
"981";21541;1897;"Follow up";0,229893;49,337976
"982";21957;2611;"Follow up";-1,284431;48,238296
"983";21543;1898;"Follow up";0,22445;49,33832
"984";21723;2041;"Follow up";3,72361111111111;43,5927778
"985";21501;1850;"Follow up";1,639636;49,363133
"986";21955;2610;"Follow up";37,4613939921312;-0,0498128605406749
"987";21799;2115;"Follow up";4,483056;46,546944
"988";21953;2609;"Follow up";-3,474923;41,821786
"989";21951;2608;"Follow up";-8,45166666;37,3736111
"990";21619;1951;"Follow up";0,929506;48,216275
"991";21589;1930;"Follow up";0,9322222;47,1541667
"992";21683;2001;"Follow up";3,649556;45,598512
"993";21949;2605;"Follow up";4,255726;47,133481
"994";21301;1691;"Follow up";-76,1370259152264;-6,56757296960206
"995";21429;1760;"Follow up";16,512496;40,712753
"996";21947;2600;"Follow up";0,402222;47,342778
"997";21945;2599;"Follow up";3,575155;45,322888
"998";21943;2598;"Follow up";-9,030813;39,7350961
"999";21781;2096;"Follow up";2,68657;43,73507
"1000";21941;2597;"Follow up";3,463321;49,08165
"1001";21939;2596;"Follow up";5,627355;44,105294
"1002";21937;2595;"Follow up";5,626286;44,104355
"1003";21505;1852;"Follow up";2,051444;43,426601
"1004";21701;2025;"Follow up";17,727472;54,140417
"1005";21553;1905;"Follow up";5,238073;46,44645
"1006";21679;1999;"Follow up";3,771429;45,176339
"1007";21935;2593;"Follow up";6,6962;47,6898
"1008";21933;2592;"Follow up";0,009129;48,6116
"1009";21931;2591;"Follow up";3,829431;49,026437
"1010";21449;1796;"Follow up";2,929552;43,656664
"1011";21459;1805;"Follow up";0,010278;44,572778
"1012";21471;1820;"Follow up";0,018056;44,670556
"1013";21485;1833;"Follow up";0,423611;49,712222
"1014";21929;2586;"Follow up";0,2579;44,9001
"1015";21473;1821;"Follow up";7,478917;48,241833
"1016";21499;1845;"Follow up";5,6774;46,9879
"1017";21927;2584;"Follow up";-0,226008;48,57106
"1018";21661;1987;"Follow up";0,648056;46,8775
"1019";21627;1957;"Follow up";6,378147;48,516083
"1020";21517;1862;"Follow up";5,423158;48,809223
"1021";21717;2037;"Follow up";4,1108866;47,2013656
"1022";21709;2030;"Follow up";0,2998889;48,9461
"1023";21925;2581;"Follow up";1,914444;45,434167
"1024";21339;1710;"Follow up";3,224959;44,546606
"1025";21577;1922;"Follow up";0,9081;45,0621
"1026";21923;2572;"Follow up";-76,309354;-6,574421
"1027";21921;2571;"Follow up";-79,736379;-5,021722
"1028";21919;2567;"Follow up";2,020556;45,746306
"1029";21917;2559;"Follow up";5,84580056341552;49,9890535835455
"1030";21121;1596;"Follow up";-62,309101;-9,114359
"1031";21915;2558;"Follow up";7,0547;45,165
"1032";21913;2557;"Follow up";5,831157;49,951898
"1033";21911;2556;"Follow up";-48,4502;-3,1839
"1034";21533;1879;"Follow up";0,307976;49,5176
"1035";21909;2555;"Follow up";-14,320895;10,203105
"1036";21907;2547;"Follow up";2,45682;47,279495
"1037";21221;1649;"Follow up";2,29557;47,951505
"1038";21889;2533;"Follow up";-16,3112;13,7448
"1039";21869;2488;"Follow up";-4,080334;34,736846
"1040";21887;2529;"To finance";5,984477;50,247291
"1041";21861;2484;"Follow up";-76,379127;-8,398851
"1042";21791;2103;"Follow up";5,52232;50,55025
"1043";21885;2519;"Follow up";-4,348602;6,114117
"1044";21877;2508;"Follow up";-61,5874;-10,748117
"1045";21873;2506;"To finance";-115,381108;48,550097
"1046";21733;2060;"Follow up";4,21441;50,777049
"1047";21891;2534;"Follow up";-16,3167;13,76198333
"1048";21879;2509;"Follow up";-72,363724;19,370844
"1049";21897;2537;"Follow up";-16,32038333;13,84766667
"1050";21899;2538;"Follow up";-16,33091667;13,79718333
"1051";21855;2418;"Follow up";55,382396;-20,920859
"1052";21859;2483;"Follow up";0,644799;6,862526
"1053";21895;2536;"Follow up";-16,28865;13,7571
"1054";21765;2079;"Follow up";4,2125;50,7638889
"1055";21769;2081;"Follow up";4,852723;50,890766
"1056";21863;2485;"Follow up";-72,69235;18,250201
"1057";21905;2541;"Follow up";-16,31423333;13,60328333
"1058";21901;2539;"Follow up";-16,32196667;13,8492
"1059";23267;2528;"Follow up";5,07911;49,78752
"1060";21893;2535;"Follow up";-16,391316;13,875296
"1061";21881;2517;"Follow up";-79,524978;-4,909222
"1062";23307;2426;"Follow up";-0,632463;44,358048
"1063";21875;2507;"Follow up";38,344998;-4,824192
"1064";21857;2482;"Follow up";-16,3357;14,00616667
"1065";21735;2061;"Follow up";5,284949;50,566504
"1066";21883;2518;"Follow up";37,61929396;-0,0499
"1067";21903;2540;"Follow up";-16,31803333;13,608
"1068";21865;2486;"Follow up";55,379289;-20,91601
"1069";21867;2487;"Follow up";97,92317;4,61977
"1070";21835;2384;"Follow up";-72,697207;18,246277
"1071";21853;2401;"Follow up";-120,149022222222;38,0694611
"1072";21821;2377;"Follow up";-77,603878;-5,67297
"1073";21845;2394;"Follow up";-4,079731;34,740191
"1074";21829;2381;"Follow up";-76,594146;-7,025114
"1075";21847;2395;"Follow up";-4,635495;34,808016
"1076";21823;2378;"Follow up";-77,295192;-5,963193
"1077";21843;2393;"Follow up";98,30324;4,07811
"1078";21825;2379;"Follow up";-77,078829;-6,078955
"1079";21833;2383;"Follow up";-72,697269;18,246211
"1080";21819;2376;"Follow up";-76,061921;-6,568394
"1081";21851;2400;"Follow up";55,380839;-20,918552
"1082";21827;2380;"Follow up";-76,445791;-8,401039
"1083";21837;2385;"Follow up";-72,659555;18,217613
"1084";21831;2382;"Follow up";-76,82107;-6,224484
"1085";21839;2386;"Follow up";-74,4507623113987;18,4880035656064
"1086";21591;1931;"Follow up";4,424599;46,194255
"1087";21813;2273;"Follow up";5,430872;48,398394
"1088";21453;1799;"Follow up";3,748755;45,269817
"1089";21495;1841;"Follow up";1,314972;45,930944
"1090";21815;2305;"Follow up";-0,531979;48,228118
"1091";21629;1958;"Follow up";6,765639;48,115083
"1092";21583;1926;"Follow up";-0,514785;46,030186
"1093";21427;1759;"Follow up";6,60166666666667;48,6186111
"1094";21607;1942;"Follow up";3,917001;46,924001
"1095";21523;1872;"Follow up";4,944411;48,855192
"1096";23309;2316;"Follow up";-0,788292639939898;44,7834596531664
"1097";21611;1946;"Follow up";3,907077;48,895046
"1098";21729;2057;"Follow up";2,695862;48,39142
"1099";23311;2354;"Follow up";-1,02730555555556;44,4991389
"1100";21433;1775;"Follow up";6,644615;48,407105
